global_rank,channel,channel_rank,construct_id,position,linker,peptide_seq,source_database,source_accession,round7_score
1,bottom,1,con_5489,Both,Flex_GGGGSx1,KKKEKKKEEKKKRQKNRKKKRKIKKKK,mgy,MGYP002805737744,0.7579
2,bottom,2,con_3275,Both,Flex_GGGGSx1,KRKKKKIREKKKRKKNKKKKKEKKKEK,mgy,MGYP002805498491,0.742
3,bottom,3,con_1415,Both,Flex_GGGGSx1,MEEEKKKEKRKKKEKRKKKKKK,mgy,MGYP001335842652,0.7342
4,bottom,4,con_15869,Both,Flex_GGGGSx1,KKMNGGKKGGKRGEKKEEKKEEKKEEKKEE,mgy,MGYP001110033034,0.7296
5,bottom,5,con_1103,Both,Flex_GGGGSx1,MREKEEKKKRKEKKEKRKKKKKRRKK,mgy,MGYP000529195424,0.7189
6,bottom,6,con_2075,Both,Flex_GGGGSx1,KKKDKKIRIKKKRQKKKEKKKRRKKEE,mgy,MGYP000447243201,0.7176
7,bottom,7,con_3774,Both,Flex_GGGGSx2,MTEQDPVKEKKKKEKKRKKKKKKKK,mgy,MGYP000250306933,0.7113
8,bottom,8,con_1308,Both,Flex_GGGGSx2,MKEGETPRLPKKKKKKKKKKKKKEKKKK,mgy,MGYP001772516439,0.7112
10,bottom,9,con_2015,Both,Flex_GGGGSx1,KERKKGEKKKKKKKRKKKKNKKKKQK,mgy,MGYP001113096277,0.707
11,bottom,10,con_1541,Both,Flex_GGGGSx1,KKKEKKKVRKKKKKKKRKYKKEKKK,mgy,MGYP002808884619,0.7027
