peptide_id,sequence,rank_r1,rank_r2,rank_r3,score_r3,channel
pep_491709,KNMVIGGYYPYPPVPETFS,47,32,1,0.6739,top
pep_448117,ITAVMPFYPYAR,19324,24163,2,0.6605,top
pep_123291,DFHHHHFPDME,57,63,3,0.6602,top
pep_451916,IVAVDPDEPIHGPPFDFSLE,978,234,4,0.6595,top
pep_969618,VLYLEPHHPEGLER,58,112,5,0.6591,top
pep_885860,TIFATHYHELTELSR,2836,4331,6,0.6587,top
pep_928193,VALGHAYHPEEF,569,384,7,0.6583,top
pep_303061,GAAVGFPTHLYPGVYPAMR,216,821,8,0.6572,top
pep_934844,VDLLVFNPPYVVTPPQE,1298,441,9,0.6562,top
pep_648372,NGNPNGEGLPHWPLFDQEEQY,642,356,10,0.6553,top
pep_164493,DRTWHPEHFF,546,965,11,0.6551,top
pep_142399,DLDEIVLHYPYIPPGEK,404,433,12,0.6545,top
pep_977590,VPSLRDVHHEPVYPQPPF,23,16,13,0.654,top
pep_146503,DLLRGIYAYGFEKPS,8203,8355,14,0.6528,top
pep_572206,LMVLYYPYMPPGEKE,626,914,15,0.6514,top
pep_679714,PAFELHYPHMVER,31,144,16,0.6509,top
pep_999246,VVTLWYRPPELL,1802,2657,17,0.6508,top
pep_648371,NGNPNGEGLPHWPLFDQEEQ,798,453,18,0.6505,top
pep_1037613,YLVALGHAYHPEEFV,2159,1492,19,0.6504,top
pep_293513,FSVFPAAPWGPELPRTV,236,419,20,0.6503,top
pep_216524,EIVLHYPYIPPGEKE,2389,1609,21,0.6501,top
pep_020977,AEPPGVEPYPYPIPTV,457,154,22,0.6485,top
pep_333165,GLFPYPYTY,1106,1091,23,0.6481,top
pep_963340,VLGFGTYAPPEVPR,1120,2107,24,0.6474,top
pep_1037612,YLVALGHAYHPEEF,1453,911,25,0.6472,top
pep_439487,IPVQPVYPYPQDPK,537,224,26,0.6468,top
pep_033299,AHEAEMWEVHFHPSNPEHLF,405,464,27,0.6468,top
pep_299544,FVTFPYPYMNGR,712,1565,28,0.6467,top
pep_252920,EVYPPGPYHPFPNY,181,62,29,0.6466,top
pep_053881,AMEFNPHVPPYLLELR,491,1457,30,0.6466,top
pep_954776,VIEMVDGEPPYFNEPPLK,112,155,31,0.6465,top
pep_063018,AQAVHPGYGFL,5633,3186,32,0.6465,top
pep_448118,ITAVMPYFPYSK,20796,21123,33,0.6464,top
pep_355822,GTHWHPEHF,209,133,34,0.6463,top
pep_400713,IAGILHYYPLEEV,726,710,35,0.6461,top
pep_238278,ERELPYYPGAHPMHPPK,93,285,36,0.646,top
pep_179582,DVVLGLEYLHYQGIIHR,492,1203,37,0.646,top
pep_233907,EPTMYGEILSPNYPQAYPSEV,7470,7615,38,0.6459,top
pep_891763,TLETFLTYPMFQIPR,471,1133,39,0.6458,top
pep_432652,IMAIEMVEGEPPYLNENPLR,432,1190,40,0.6457,top
pep_672519,NTVIGGYYPYPPVPETFSK,386,118,41,0.6455,top
pep_459809,KAEPPGVEPYPYPIPTVPE,917,174,42,0.6454,top
pep_621835,MFPAFGFGAQIPPQWQVSHEFPM,3735,3090,43,0.6452,top
pep_226619,ELVLALYDYQEKSPR,5960,6441,44,0.6451,top
pep_123293,DFHHHHFPDMEIF,777,942,45,0.6447,top
pep_445094,ISFPPEYPFKPPMI,866,1517,46,0.6445,top
pep_676330,NVYMPTSQPPPPPYYPPEDK,27,72,47,0.6442,top
pep_944854,VFMSSAPPPYPGIGPER,131,607,48,0.6441,top
pep_785530,RVPVLSWIHPESQATIT,1606,3327,49,0.6441,top
pep_911790,TSSPFIEEGPPYPPVPDHK,441,200,50,0.6439,top
pep_718277,QEVFVFLHGLGGQMSQFQK,1852,2824,51,0.6435,top
pep_036631,AIEMVEGEPPYLNENPLR,411,944,52,0.6432,top
pep_164492,DRTWHPEHF,1397,2427,53,0.6431,top
pep_467634,KEELMFFLWAPEQAPLK,9537,10428,54,0.6431,top
pep_999245,VVTLWYRPPEL,4120,5933,55,0.643,top
pep_188592,EAMEHPYFYPVV,1316,1510,56,0.6427,top
pep_946175,VFVPSLRDVHHEPVYPQPPF,143,73,57,0.6424,top
pep_1007757,WGSIKGLTEGLHGFHVHEFG,6926,6186,58,0.6424,top
pep_221657,ELGLEEVTPPHGTLYR,10210,13188,59,0.6424,top
pep_643227,NEHHHGHSH,186,197,60,0.6423,top
pep_118787,DEIVLHYPYIPPGEK,3350,2462,61,0.6421,top
pep_188593,EAMEHPYFYPVVK,1920,1801,62,0.6417,top
pep_270843,FGNTPFLFPLYGQGEIPQGF,1730,736,63,0.6416,top
pep_754702,REAMEHPYFYTVV,2156,5101,64,0.6415,top
pep_847733,STDPTSLHNPYFYQKPGQK,202,236,65,0.6413,top
pep_410405,IEMAEIEPPHHELNPM,25,71,66,0.6411,top
pep_053915,AMEHPYFYPVVK,3105,3653,67,0.6409,top
pep_188596,EAMEHPYFYTVV,3824,5158,68,0.6408,top
pep_1036696,YLQHHHFHQER,269,219,69,0.6406,top
pep_631800,MSAEAALNHPYFQSLGDR,812,1910,70,0.6404,top
pep_118788,DEIVLHYPYIPPGEKEA,7333,3454,71,0.6402,top
pep_239481,ERVTPPEGYEVVTVFP,25148,21644,72,0.6402,top
pep_188591,EAMEHPYFYPV,920,870,73,0.6398,top
pep_043874,ALDYIHHMGYVHR,881,3554,74,0.6396,top
pep_879655,TGIPVQPVYPYPQDPK,2012,642,75,0.6395,top
pep_045199,ALEVPHYHHELVYEAIVM,3605,6524,76,0.6394,top
pep_277272,FLAFPHHPMGMLYR,53,191,77,0.6393,top
pep_966988,VLQIEHHPYLQQPR,74,37,78,0.6391,top
pep_620911,METGPHYNYYK,963,1943,79,0.6391,top
pep_555752,LIVALMYPPYRYEA,322,1146,80,0.639,top
